Anthia,Blase,14657089,Anthia.Blase@college.harvard.edu,0
Evita,Whittaker,16942112,Evita.Whittaker@college.harvard.edu,0
Maud,Thema,19209764,Maud.Thema@college.harvard.edu,0
Lanae,Nore,12433872,Lanae.Nore@college.harvard.edu,0
Cyb,Rurik,10785022,Cyb.Rurik@college.harvard.edu,0
Yolane,Thomasina,13353635,Yolane.Thomasina@college.harvard.edu,0
Heddie,Newell,14364128,Heddie.Newell@college.harvard.edu,0
Kayla,Roumell,16667305,Kayla.Roumell@college.harvard.edu,0
Jsandye,Tamar,18483554,Jsandye.Tamar@college.harvard.edu,0
Misha,Tengdin,12095147,Misha.Tengdin@college.harvard.edu,0
Hermione,Valerio,12033707,Hermione.Valerio@college.harvard.edu,0
Gilligan,Yusuk,10995865,Gilligan.Yusuk@college.harvard.edu,0
Bettine,Norrie,19658917,Bettine.Norrie@college.harvard.edu,0
Vinita,Tristram,17439041,Vinita.Tristram@college.harvard.edu,0
Alleen,Rosemary,10161183,Alleen.Rosemary@college.harvard.edu,0
Cindelyn,Joni,16161089,Cindelyn.Joni@college.harvard.edu,0
Doro,Dom,17592122,Doro.Dom@college.harvard.edu,0
Jan,Killigrew,12211147,Jan.Killigrew@college.harvard.edu,0
Ezmeralda,Lindemann,19575575,Ezmeralda.Lindemann@college.harvard.edu,0
Leia,Nance,17649524,Leia.Nance@college.harvard.edu,0
Linzy,Maribeth,18033621,Linzy.Maribeth@college.harvard.edu,0
Tori,Emmaline,14764368,Tori.Emmaline@college.harvard.edu,0
Deane,Malvino,15124670,Deane.Malvino@college.harvard.edu,0
Claudina,Eben,15516426,Claudina.Eben@college.harvard.edu,0
Caryl,Gabrielli,11664492,Caryl.Gabrielli@college.harvard.edu,0
Riannon,Redmond,19596885,Riannon.Redmond@college.harvard.edu,0
Aigneis,Craggie,12628083,Aigneis.Craggie@college.harvard.edu,0
Magdalena,Yate,16477699,Magdalena.Yate@college.harvard.edu,0
Aaren,Timon,18630067,Aaren.Timon@college.harvard.edu,0
Claresta,Nahum,10315953,Claresta.Nahum@college.harvard.edu,0
Tarra,Emmy,19126333,Tarra.Emmy@college.harvard.edu,0
Mathilda,Mauer,19854714,Mathilda.Mauer@college.harvard.edu,0
Teddie,Anestassia,13867822,Teddie.Anestassia@college.harvard.edu,0
Codie,Gregrory,15673708,Codie.Gregrory@college.harvard.edu,0
Winny,Gerge,16197304,Winny.Gerge@college.harvard.edu,0
Beatriz,Helve,10348066,Beatriz.Helve@college.harvard.edu,0
Malina,Seligman,10541114,Malina.Seligman@college.harvard.edu,0
Deedee,Dunkin,10220203,Deedee.Dunkin@college.harvard.edu,0
Cyndie,Flita,14725651,Cyndie.Flita@college.harvard.edu,0
Sadie,Guildroy,13973494,Sadie.Guildroy@college.harvard.edu,0
Dede,Reinke,16737716,Dede.Reinke@college.harvard.edu,0
Benita,Zola,18055753,Benita.Zola@college.harvard.edu,0
Florencia,Marlie,11345702,Florencia.Marlie@college.harvard.edu,0
Darlleen,Reidar,19734836,Darlleen.Reidar@college.harvard.edu,0
Esmeralda,Swanhildas,18090887,Esmeralda.Swanhildas@college.harvard.edu,0
Kathi,Urania,12496538,Kathi.Urania@college.harvard.edu,0
Dorice,Emmaline,10494020,Dorice.Emmaline@college.harvard.edu,0
Millie,Tound,10802903,Millie.Tound@college.harvard.edu,0
June,Nisbet,14808539,June.Nisbet@college.harvard.edu,0
Kelly,Larochelle,13560035,Kelly.Larochelle@college.harvard.edu,0
Susette,Tillford,15143150,Susette.Tillford@college.harvard.edu,0
Dulcinea,Erskine,10629135,Dulcinea.Erskine@college.harvard.edu,0
Valera,Rooney,13314483,Valera.Rooney@college.harvard.edu,0
Paulita,Saunderson,11296242,Paulita.Saunderson@college.harvard.edu,0
Jenilee,Ammann,11561470,Jenilee.Ammann@college.harvard.edu,0
Suzette,Dulciana,19649206,Suzette.Dulciana@college.harvard.edu,0
Zia,Cottle,12193417,Zia.Cottle@college.harvard.edu,0
Lily,Peti,18072190,Lily.Peti@college.harvard.edu,0
Mara,Armanda,14824470,Mara.Armanda@college.harvard.edu,0
Sabina,Greyson,17067573,Sabina.Greyson@college.harvard.edu,0
Goldie,Chaing,15047337,Goldie.Chaing@college.harvard.edu,0
Merry,Nerita,11348526,Merry.Nerita@college.harvard.edu,0
Lesly,Anastatius,12162096,Lesly.Anastatius@college.harvard.edu,0
Audrie,Smitt,18043967,Audrie.Smitt@college.harvard.edu,0
Sindee,Holbrook,15918406,Sindee.Holbrook@college.harvard.edu,0
Siana,Bahr,11503157,Siana.Bahr@college.harvard.edu,0
Janis,Yusuk,16678519,Janis.Yusuk@college.harvard.edu,0
Rosene,Harriman,18270990,Rosene.Harriman@college.harvard.edu,0
Caritta,Fulmer,10041186,Caritta.Fulmer@college.harvard.edu,0
Leontine,Othilia,15282868,Leontine.Othilia@college.harvard.edu,0
Steffane,Munn,15506558,Steffane.Munn@college.harvard.edu,0
Aubrie,Bergman,16604704,Aubrie.Bergman@college.harvard.edu,0
Ardys,Merna,11103500,Ardys.Merna@college.harvard.edu,0
Caryl,Lemuela,19722099,Caryl.Lemuela@college.harvard.edu,0
Heida,Buttaro,13580117,Heida.Buttaro@college.harvard.edu,0
Tybie,Wareing,11565176,Tybie.Wareing@college.harvard.edu,0
Augustine,Bach,12695960,Augustine.Bach@college.harvard.edu,0
Calla,Braun,13285924,Calla.Braun@college.harvard.edu,0
Iseabal,Constancy,10160090,Iseabal.Constancy@college.harvard.edu,0
Dari,Hutchison,11004374,Dari.Hutchison@college.harvard.edu,0
Arabel,O'Rourke,18821432,Arabel.O'Rourke@college.harvard.edu,0
Ellette,Smitt,17830000,Ellette.Smitt@college.harvard.edu,0
Helsa,Haymes,17757959,Helsa.Haymes@college.harvard.edu,0
Gusty,Ramona,17207025,Gusty.Ramona@college.harvard.edu,0
Shandie,Daegal,16683798,Shandie.Daegal@college.harvard.edu,0
Konstance,Saree,14549180,Konstance.Saree@college.harvard.edu,0
Sara-Ann,Stav,11821726,Sara-Ann.Stav@college.harvard.edu,0
Bibby,Lowry,14671785,Bibby.Lowry@college.harvard.edu,0
Daryl,Ophelia,14592898,Daryl.Ophelia@college.harvard.edu,0
Kaia,Tannie,13697726,Kaia.Tannie@college.harvard.edu,0
Alejandra,Jehu,19470574,Alejandra.Jehu@college.harvard.edu,0
Meghann,McGrody,12153041,Meghann.McGrody@college.harvard.edu,0
Kial,Amethist,11965031,Kial.Amethist@college.harvard.edu,0
Ulrike,Kenwood,18096180,Ulrike.Kenwood@college.harvard.edu,0
Kore,Dreda,11901674,Kore.Dreda@college.harvard.edu,0
Benita,Ackerley,12274214,Benita.Ackerley@college.harvard.edu,0
Jessy,Even,13439302,Jessy.Even@college.harvard.edu,0
Clementine,Kolnick,17224003,Clementine.Kolnick@college.harvard.edu,0
Beverley,Rurik,13668533,Beverley.Rurik@college.harvard.edu,0
Etta,Guthrie,16163483,Etta.Guthrie@college.harvard.edu,0
Beatriz,Lindemann,19333096,Beatriz.Lindemann@college.harvard.edu,0
Augustine,Thomasina,12515035,Augustine.Thomasina@college.harvard.edu,0
Nita,Hunfredo,19827136,Nita.Hunfredo@college.harvard.edu,0
Deane,Gherardo,16137407,Deane.Gherardo@college.harvard.edu,0
Kary,Imelida,11482330,Kary.Imelida@college.harvard.edu,0
Steffane,Brenn,16886831,Steffane.Brenn@college.harvard.edu,0
Jacquetta,Obed,10179542,Jacquetta.Obed@college.harvard.edu,0
Rochette,Ammann,14913917,Rochette.Ammann@college.harvard.edu,0
Demetris,Maurine,15852741,Demetris.Maurine@college.harvard.edu,0
Karina,Serilda,11976006,Karina.Serilda@college.harvard.edu,0
Hermione,Garek,18831561,Hermione.Garek@college.harvard.edu,0
Angela,Felizio,14256304,Angela.Felizio@college.harvard.edu,0
Konstance,Delacourt,18649434,Konstance.Delacourt@college.harvard.edu,0
Tobe,Hillel,17592243,Tobe.Hillel@college.harvard.edu,0
Gale,Shirberg,12853832,Gale.Shirberg@college.harvard.edu,0
Emilia,Fitzsimmons,17806817,Emilia.Fitzsimmons@college.harvard.edu,0
Arlina,Erich,18659871,Arlina.Erich@college.harvard.edu,0
Di,Breed,13105368,Di.Breed@college.harvard.edu,0
Belinda,Clara,13595490,Belinda.Clara@college.harvard.edu,0
Noelle,Desai,15465784,Noelle.Desai@college.harvard.edu,0
Aigneis,Halla,12008990,Aigneis.Halla@college.harvard.edu,0
Alia,Garek,16672357,Alia.Garek@college.harvard.edu,0
Kimberley,Wenda,14275515,Kimberley.Wenda@college.harvard.edu,0
Joleen,Halsey,14862378,Joleen.Halsey@college.harvard.edu,0
Candy,Merell,10452067,Candy.Merell@college.harvard.edu,0
Jessamyn,Juan,16352586,Jessamyn.Juan@college.harvard.edu,0
Chrystel,Noam,13872643,Chrystel.Noam@college.harvard.edu,0
Talya,Merat,12561314,Talya.Merat@college.harvard.edu,0
Sherrie,Joachim,18392376,Sherrie.Joachim@college.harvard.edu,0
Perry,Koziara,12254219,Perry.Koziara@college.harvard.edu,0
Olwen,Jacqui,15711734,Olwen.Jacqui@college.harvard.edu,0
Chandra,Weide,11988391,Chandra.Weide@college.harvard.edu,0
Nollie,Felizio,10647116,Nollie.Felizio@college.harvard.edu,0
Ana,Burch,11064056,Ana.Burch@college.harvard.edu,0
Fred,Oscar,11868156,Fred.Oscar@college.harvard.edu,0
Starla,Carri,17058857,Starla.Carri@college.harvard.edu,0
Elmira,Helve,12044802,Elmira.Helve@college.harvard.edu,0
Jerry,Duwalt,13663804,Jerry.Duwalt@college.harvard.edu,0
Kathi,Korey,14116501,Kathi.Korey@college.harvard.edu,0
Helena,Gert,13275436,Helena.Gert@college.harvard.edu,0
Kristina,Roscoe,17390121,Kristina.Roscoe@college.harvard.edu,0
Nyssa,Longfellow,16028266,Nyssa.Longfellow@college.harvard.edu,0
Elbertina,Pattin,10850180,Elbertina.Pattin@college.harvard.edu,0
Allyce,Rozanna,14944069,Allyce.Rozanna@college.harvard.edu,0
Talya,Heisel,15024268,Talya.Heisel@college.harvard.edu,0
Adore,Ferrell,14330046,Adore.Ferrell@college.harvard.edu,0
Jasmina,Joeann,17828548,Jasmina.Joeann@college.harvard.edu,0
Justinn,Shaddock,11087272,Justinn.Shaddock@college.harvard.edu,0
Fina,Hoban,19667123,Fina.Hoban@college.harvard.edu,0
Arabel,Dalli,18867335,Arabel.Dalli@college.harvard.edu,0
Elka,Haldas,10629376,Elka.Haldas@college.harvard.edu,0
Viki,Lucienne,11379809,Viki.Lucienne@college.harvard.edu,0
Lynea,Israeli,17410167,Lynea.Israeli@college.harvard.edu,0
Judy,Merell,10991251,Judy.Merell@college.harvard.edu,0
Millie,Reidar,17097091,Millie.Reidar@college.harvard.edu,0
