Zondra,Cadmar,12486497,Zondra.Cadmar@college.harvard.edu,1
Alejandra,Ehrman,16185753,Alejandra.Ehrman@college.harvard.edu,1
Penelopa,Harned,16443115,Penelopa.Harned@college.harvard.edu,1
Jordan,Gilmour,10076614,Jordan.Gilmour@college.harvard.edu,1
Wynne,Baylor,12487005,Wynne.Baylor@college.harvard.edu,1
Myriam,Jerold,11845800,Myriam.Jerold@college.harvard.edu,1
Mathilda,Urania,19811224,Mathilda.Urania@college.harvard.edu,1
Mariele,Sawtelle,17643066,Mariele.Sawtelle@college.harvard.edu,1
Barbara,Love,13075253,Barbara.Love@college.harvard.edu,1
Valera,Pandolfi,15509054,Valera.Pandolfi@college.harvard.edu,1
Devina,Holtz,14874114,Devina.Holtz@college.harvard.edu,1
Judy,Kiersten,14471867,Judy.Kiersten@college.harvard.edu,1
Charlena,Nedrud,17314209,Charlena.Nedrud@college.harvard.edu,1
Merci,Ailyn,14009783,Merci.Ailyn@college.harvard.edu,1
Eugine,Carbo,13790515,Eugine.Carbo@college.harvard.edu,1
Frances,Joni,10462931,Frances.Joni@college.harvard.edu,1
Josephine,Chaing,10018430,Josephine.Chaing@college.harvard.edu,1
Lacie,Hartnett,18592300,Lacie.Hartnett@college.harvard.edu,1
Jasmina,Ader,14429841,Jasmina.Ader@college.harvard.edu,1
Teriann,Sancho,15442589,Teriann.Sancho@college.harvard.edu,1
Althea,Ingra,14546027,Althea.Ingra@college.harvard.edu,1
Albertina,Peg,16155043,Albertina.Peg@college.harvard.edu,1
Nelle,Cassius,12046452,Nelle.Cassius@college.harvard.edu,1
Brietta,Bartlett,11396882,Brietta.Bartlett@college.harvard.edu,1
Viki,Dahlia,14758454,Viki.Dahlia@college.harvard.edu,1
Deedee,Stanwood,17175615,Deedee.Stanwood@college.harvard.edu,1
Ellette,Ellord,17926648,Ellette.Ellord@college.harvard.edu,1
Raina,Kristi,19694978,Raina.Kristi@college.harvard.edu,1
Merle,Ioab,19055556,Merle.Ioab@college.harvard.edu,1
Alia,Wenoa,13934131,Alia.Wenoa@college.harvard.edu,1
Nariko,Sallyann,18953266,Nariko.Sallyann@college.harvard.edu,1
Mady,Larochelle,14035179,Mady.Larochelle@college.harvard.edu,1
Betta,Zachary,10062689,Betta.Zachary@college.harvard.edu,1
Susette,Elephus,15826857,Susette.Elephus@college.harvard.edu,1
Antonietta,Wenoa,14303360,Antonietta.Wenoa@college.harvard.edu,1
Rosabelle,Haerr,14713897,Rosabelle.Haerr@college.harvard.edu,1
Luci,Corabella,17742824,Luci.Corabella@college.harvard.edu,1
Eolanda,Elvyn,14220399,Eolanda.Elvyn@college.harvard.edu,1
Beatriz,Clara,15921985,Beatriz.Clara@college.harvard.edu,1
Lacie,Velick,16440009,Lacie.Velick@college.harvard.edu,1
Jessy,Rodmann,11879077,Jessy.Rodmann@college.harvard.edu,1
Carmencita,Mullane,10923218,Carmencita.Mullane@college.harvard.edu,1
Modestia,Center,12591112,Modestia.Center@college.harvard.edu,1
Georgetta,Linehan,15549268,Georgetta.Linehan@college.harvard.edu,1
Melisent,Daveta,12394314,Melisent.Daveta@college.harvard.edu,1
Kayla,Kaete,11745772,Kayla.Kaete@college.harvard.edu,1
Chloris,Seumas,15887530,Chloris.Seumas@college.harvard.edu,1
Shaine,Meli,15484522,Shaine.Meli@college.harvard.edu,1
Lenna,Gillan,16279900,Lenna.Gillan@college.harvard.edu,1
Kimmy,Erb,16700176,Kimmy.Erb@college.harvard.edu,1
Latisha,Aaberg,14259647,Latisha.Aaberg@college.harvard.edu,1
Meg,Alice,16445431,Meg.Alice@college.harvard.edu,1
Amelia,Westphal,18233684,Amelia.Westphal@college.harvard.edu,1
Mathilda,Henrie,12978721,Mathilda.Henrie@college.harvard.edu,1
Berget,Zamora,16516619,Berget.Zamora@college.harvard.edu,1
Blondelle,Solitta,14477644,Blondelle.Solitta@college.harvard.edu,1
Felice,Suk,13357726,Felice.Suk@college.harvard.edu,1
Annice,Mintz,13473108,Annice.Mintz@college.harvard.edu,1
Kary,Mozelle,16343712,Kary.Mozelle@college.harvard.edu,1
Fina,Hull,16052461,Fina.Hull@college.harvard.edu,1
Danika,Lucienne,17678732,Danika.Lucienne@college.harvard.edu,1
Kassey,Linehan,14799851,Kassey.Linehan@college.harvard.edu,1
Mathilda,McLaughlin,18552273,Mathilda.McLaughlin@college.harvard.edu,1
Ketti,Ingra,17136288,Ketti.Ingra@college.harvard.edu,1
Maisey,Cosenza,18204275,Maisey.Cosenza@college.harvard.edu,1
Lolita,Gunn,19917300,Lolita.Gunn@college.harvard.edu,1
Inga,Carolin,15799566,Inga.Carolin@college.harvard.edu,1
Cam,Isacco,14001758,Cam.Isacco@college.harvard.edu,1
Cecile,Thornburg,12951429,Cecile.Thornburg@college.harvard.edu,1
Rosabelle,Virgin,19883934,Rosabelle.Virgin@college.harvard.edu,1
Jerry,Sophronia,11819896,Jerry.Sophronia@college.harvard.edu,1
Christian,Merell,12367027,Christian.Merell@college.harvard.edu,1
Marcelline,Orpah,12368583,Marcelline.Orpah@college.harvard.edu,1
Ginnie,August,10028149,Ginnie.August@college.harvard.edu,1
Winifred,Lucienne,11379553,Winifred.Lucienne@college.harvard.edu,1
Kirstin,Edvard,10389386,Kirstin.Edvard@college.harvard.edu,1
Fanchon,Hurley,10431961,Fanchon.Hurley@college.harvard.edu,1
Marylou,Infield,19490021,Marylou.Infield@college.harvard.edu,1
Grier,Artie,12204827,Grier.Artie@college.harvard.edu,1
Tami,Bandeen,15853144,Tami.Bandeen@college.harvard.edu,1
Melanie,Harl,15691180,Melanie.Harl@college.harvard.edu,1
Gerianna,Ashok,18081379,Gerianna.Ashok@college.harvard.edu,1
Teriann,Berl,10363305,Teriann.Berl@college.harvard.edu,1
Camile,Jaylene,17882248,Camile.Jaylene@college.harvard.edu,1
Joceline,Ursulette,14689932,Joceline.Ursulette@college.harvard.edu,1
Maisey,Fleeta,19822763,Maisey.Fleeta@college.harvard.edu,1
Diena,Raama,17544865,Diena.Raama@college.harvard.edu,1
Libbie,Malvino,16052807,Libbie.Malvino@college.harvard.edu,1
Arlina,Killigrew,13493162,Arlina.Killigrew@college.harvard.edu,1
Aurore,Sothena,11939434,Aurore.Sothena@college.harvard.edu,1
Adelle,Kiyoshi,16519622,Adelle.Kiyoshi@college.harvard.edu,1
Brana,Morrill,15793104,Brana.Morrill@college.harvard.edu,1
Gerrie,Urias,19847400,Gerrie.Urias@college.harvard.edu,1
Kassey,Reneta,17949649,Kassey.Reneta@college.harvard.edu,1
Madeleine,Fairweather,11482559,Madeleine.Fairweather@college.harvard.edu,1
Damaris,Brunell,16201584,Damaris.Brunell@college.harvard.edu,1
Konstance,Berl,10749924,Konstance.Berl@college.harvard.edu,1
Estell,Garek,12977403,Estell.Garek@college.harvard.edu,1
Joceline,Egbert,14683955,Joceline.Egbert@college.harvard.edu,1
Hyacinthe,Drus,14118264,Hyacinthe.Drus@college.harvard.edu,1
Amalie,Deegan,17367873,Amalie.Deegan@college.harvard.edu,1
Larine,Cleo,19399426,Larine.Cleo@college.harvard.edu,1
Maye,Haerr,19132153,Maye.Haerr@college.harvard.edu,1
Gale,Malvino,11247014,Gale.Malvino@college.harvard.edu,1
Paule,Madox,19133819,Paule.Madox@college.harvard.edu,1
Kayla,Carmena,19670373,Kayla.Carmena@college.harvard.edu,1
Fina,Cookie,14052209,Fina.Cookie@college.harvard.edu,1
Violet,Ursulette,10169386,Violet.Ursulette@college.harvard.edu,1
Olivette,Atonsah,12312854,Olivette.Atonsah@college.harvard.edu,1
Lorie,Brandice,16256693,Lorie.Brandice@college.harvard.edu,1
Genevra,Hoban,10988421,Genevra.Hoban@college.harvard.edu,1
Barbara,Henrie,19278933,Barbara.Henrie@college.harvard.edu,1
Gusty,Roche,13328560,Gusty.Roche@college.harvard.edu,1
Feliza,McNully,11725282,Feliza.McNully@college.harvard.edu,1
Norine,Glovsky,18162089,Norine.Glovsky@college.harvard.edu,1
Nanete,Knowling,14484916,Nanete.Knowling@college.harvard.edu,1
Trixi,Colp,13936750,Trixi.Colp@college.harvard.edu,1
Joy,Bethany,14229598,Joy.Bethany@college.harvard.edu,1
Sophia,Justinn,19294813,Sophia.Justinn@college.harvard.edu,1
Gloria,Cornelia,19880201,Gloria.Cornelia@college.harvard.edu,1
Feliza,Ursulette,16147570,Feliza.Ursulette@college.harvard.edu,1
Darlleen,Lytton,12014499,Darlleen.Lytton@college.harvard.edu,1
Aimil,LaRue,13801988,Aimil.LaRue@college.harvard.edu,1
Merle,Goerke,18805793,Merle.Goerke@college.harvard.edu,1
Melisent,Dichy,19512084,Melisent.Dichy@college.harvard.edu,1
Bobbi,Mendez,11782836,Bobbi.Mendez@college.harvard.edu,1
Amara,Ephrem,12069554,Amara.Ephrem@college.harvard.edu,1
Lonnie,Vernier,18588606,Lonnie.Vernier@college.harvard.edu,1
Kylynn,Vins,16391868,Kylynn.Vins@college.harvard.edu,1
Ottilie,Johnsson,19616157,Ottilie.Johnsson@college.harvard.edu,1
Alexine,Torray,10784623,Alexine.Torray@college.harvard.edu,1
Mamie,Beniamino,14915220,Mamie.Beniamino@college.harvard.edu,1
Elena,Erskine,13191157,Elena.Erskine@college.harvard.edu,1
Sandie,Maples,11410017,Sandie.Maples@college.harvard.edu,1
Winny,Weitman,13543075,Winny.Weitman@college.harvard.edu,1
Vere,Delila,12164288,Vere.Delila@college.harvard.edu,1
Maud,Elsinore,18453581,Maud.Elsinore@college.harvard.edu,1
Corry,Strephon,10939633,Corry.Strephon@college.harvard.edu,1
Caryl,Rustice,16521803,Caryl.Rustice@college.harvard.edu,1
Lynea,Nikaniki,13410137,Lynea.Nikaniki@college.harvard.edu,1
Britte,Greenwald,15592959,Britte.Greenwald@college.harvard.edu,1
Cindelyn,Pelagias,16266769,Cindelyn.Pelagias@college.harvard.edu,1
Chrystel,Pozzy,17641228,Chrystel.Pozzy@college.harvard.edu,1
Vere,Barbey,11460205,Vere.Barbey@college.harvard.edu,1
Fidelia,Martguerita,13153624,Fidelia.Martguerita@college.harvard.edu,1
Catrina,Honoria,10506474,Catrina.Honoria@college.harvard.edu,1
Ginnie,Gunn,15626505,Ginnie.Gunn@college.harvard.edu,1
Basia,Elsinore,15094239,Basia.Elsinore@college.harvard.edu,1
Demetris,Bertold,17777816,Demetris.Bertold@college.harvard.edu,1
Abbie,Mich,11327673,Abbie.Mich@college.harvard.edu,1
Mara,Clarissa,16264437,Mara.Clarissa@college.harvard.edu,1
Wilma,Justinn,10037489,Wilma.Justinn@college.harvard.edu,1
Juliane,Eldrid,15647241,Juliane.Eldrid@college.harvard.edu,1
Joane,Clarissa,14867505,Joane.Clarissa@college.harvard.edu,1
Farrah,Ariella,18022796,Farrah.Ariella@college.harvard.edu,1
Aeriela,Colbert,16741827,Aeriela.Colbert@college.harvard.edu,1
Lelah,Raychel,13536372,Lelah.Raychel@college.harvard.edu,1
Aurore,Martsen,18671855,Aurore.Martsen@college.harvard.edu,1
Marti,Orpah,12030548,Marti.Orpah@college.harvard.edu,1
Ileana,Eno,15411773,Ileana.Eno@college.harvard.edu,1
Aryn,Crudden,18626775,Aryn.Crudden@college.harvard.edu,1
Jsandye,Raseda,10487563,Jsandye.Raseda@college.harvard.edu,1
Ketti,Yorick,14552309,Ketti.Yorick@college.harvard.edu,1
Talya,Ciapas,10195951,Talya.Ciapas@college.harvard.edu,1
Ekaterina,Donoghue,10558401,Ekaterina.Donoghue@college.harvard.edu,1
Annecorinne,Cecile,13506041,Annecorinne.Cecile@college.harvard.edu,1
Joelly,Isacco,15612284,Joelly.Isacco@college.harvard.edu,1
Dolli,Euridice,14268919,Dolli.Euridice@college.harvard.edu,1
Heida,Colleen,11451119,Heida.Colleen@college.harvard.edu,1
Dyann,Martguerita,11819882,Dyann.Martguerita@college.harvard.edu,1
Deane,Faria,18144500,Deane.Faria@college.harvard.edu,1
