Oona,Swigart,16076420,Oona.Swigart@college.harvard.edu,3
Priscilla,Geffner,14666772,Priscilla.Geffner@college.harvard.edu,3
Diena,Shama,13777228,Diena.Shama@college.harvard.edu,3
Inga,Bow,15657083,Inga.Bow@college.harvard.edu,3
Bernardine,Sophronia,16311101,Bernardine.Sophronia@college.harvard.edu,3
Emmey,Boehike,19456940,Emmey.Boehike@college.harvard.edu,3
Catrina,Persse,14686761,Catrina.Persse@college.harvard.edu,3
Elyssa,Wu,12316153,Elyssa.Wu@college.harvard.edu,3
Isa,Suanne,10263083,Isa.Suanne@college.harvard.edu,3
Luci,Dulciana,17658485,Luci.Dulciana@college.harvard.edu,3
Gertrud,Abbot,18844206,Gertrud.Abbot@college.harvard.edu,3
Morganica,Atcliffe,18171957,Morganica.Atcliffe@college.harvard.edu,3
Belva,Wenoa,13029453,Belva.Wenoa@college.harvard.edu,3
Fredericka,Grimbly,13591891,Fredericka.Grimbly@college.harvard.edu,3
Elsie,Quinn,10763714,Elsie.Quinn@college.harvard.edu,3
Elfreda,Jethro,16322570,Elfreda.Jethro@college.harvard.edu,3
Linet,Rosette,17390813,Linet.Rosette@college.harvard.edu,3
Olivette,Sprage,12803689,Olivette.Sprage@college.harvard.edu,3
Ethel,Ariella,13239167,Ethel.Ariella@college.harvard.edu,3
Claudina,Artie,14132861,Claudina.Artie@college.harvard.edu,3
Blondelle,Fink,12658378,Blondelle.Fink@college.harvard.edu,3
Cissiee,Ehrman,16000436,Cissiee.Ehrman@college.harvard.edu,3
Ayn,Tjon,11108293,Ayn.Tjon@college.harvard.edu,3
Sabina,Iiette,14909226,Sabina.Iiette@college.harvard.edu,3
Bettine,Niccolo,12587420,Bettine.Niccolo@college.harvard.edu,3
Blake,Arathorn,18718806,Blake.Arathorn@college.harvard.edu,3
Keelia,Cordi,19066481,Keelia.Cordi@college.harvard.edu,3
Corly,Stelle,13629300,Corly.Stelle@college.harvard.edu,3
Zondra,Kathie,19999567,Zondra.Kathie@college.harvard.edu,3
Sashenka,Dudley,19374537,Sashenka.Dudley@college.harvard.edu,3
Anallese,Goth,17927182,Anallese.Goth@college.harvard.edu,3
Louella,Eachern,11791568,Louella.Eachern@college.harvard.edu,3
Hildegaard,Dearborn,16787469,Hildegaard.Dearborn@college.harvard.edu,3
Nyssa,Lorain,11661745,Nyssa.Lorain@college.harvard.edu,3
Renie,Heisel,15944090,Renie.Heisel@college.harvard.edu,3
Jennica,Pettiford,11417817,Jennica.Pettiford@college.harvard.edu,3
Brietta,Morgun,17641524,Brietta.Morgun@college.harvard.edu,3
Teriann,Dorcy,17891433,Teriann.Dorcy@college.harvard.edu,3
Brynna,Lunsford,11392410,Brynna.Lunsford@college.harvard.edu,3
Bobinette,Jagir,17701556,Bobinette.Jagir@college.harvard.edu,3
Carly,Hebner,11834210,Carly.Hebner@college.harvard.edu,3
Millie,Johanna,14217321,Millie.Johanna@college.harvard.edu,3
Consuela,Haerr,13072923,Consuela.Haerr@college.harvard.edu,3
Mara,Alva,19709563,Mara.Alva@college.harvard.edu,3
Jerry,Naor,11001071,Jerry.Naor@college.harvard.edu,3
Karina,Demitria,13558041,Karina.Demitria@college.harvard.edu,3
Laure,Shama,16817632,Laure.Shama@college.harvard.edu,3
Karina,Septima,10705116,Karina.Septima@college.harvard.edu,3
Odessa,Fredi,18714567,Odessa.Fredi@college.harvard.edu,3
Kaja,Carbo,10160444,Kaja.Carbo@college.harvard.edu,3
Xylina,Even,13230029,Xylina.Even@college.harvard.edu,3
Clarice,Constancy,18401177,Clarice.Constancy@college.harvard.edu,3
Susan,Vittoria,13986225,Susan.Vittoria@college.harvard.edu,3
Claudina,Durware,18346597,Claudina.Durware@college.harvard.edu,3
Nadine,Kosey,17956930,Nadine.Kosey@college.harvard.edu,3
Evaleen,Cassius,14474086,Evaleen.Cassius@college.harvard.edu,3
Yolane,Modie,11562119,Yolane.Modie@college.harvard.edu,3
Siana,Ciapas,16454736,Siana.Ciapas@college.harvard.edu,3
Ivett,O'Neill,18808262,Ivett.O'Neill@college.harvard.edu,3
Sybille,Valoniah,15672703,Sybille.Valoniah@college.harvard.edu,3
Chickie,Shanley,13273260,Chickie.Shanley@college.harvard.edu,3
Dorene,Bobbee,19203569,Dorene.Bobbee@college.harvard.edu,3
Dennie,Dearborn,15183255,Dennie.Dearborn@college.harvard.edu,3
Ninnetta,Reinke,12248015,Ninnetta.Reinke@college.harvard.edu,3
Ellette,Hoenack,17039533,Ellette.Hoenack@college.harvard.edu,3
Joy,Melleta,11851251,Joy.Melleta@college.harvard.edu,3
Odessa,Oriana,17680275,Odessa.Oriana@college.harvard.edu,3
Vinita,Halla,15971409,Vinita.Halla@college.harvard.edu,3
Jenda,Morrill,16764648,Jenda.Morrill@college.harvard.edu,3
Rhea,Lareena,13183831,Rhea.Lareena@college.harvard.edu,3
Roz,Kendrick,14379726,Roz.Kendrick@college.harvard.edu,3
Sidoney,Hanleigh,10368961,Sidoney.Hanleigh@college.harvard.edu,3
Linet,Michella,17202190,Linet.Michella@college.harvard.edu,3
Basia,Helfand,14445768,Basia.Helfand@college.harvard.edu,3
Ebonee,Greyson,16236809,Ebonee.Greyson@college.harvard.edu,3
Betta,Naashom,19879757,Betta.Naashom@college.harvard.edu,3
Emma,Skell,11081268,Emma.Skell@college.harvard.edu,3
Cristabel,Garlinda,17429514,Cristabel.Garlinda@college.harvard.edu,3
Annecorinne,Hutchison,13738498,Annecorinne.Hutchison@college.harvard.edu,3
Audrie,Carvey,11480963,Audrie.Carvey@college.harvard.edu,3
Elka,Chesna,19752647,Elka.Chesna@college.harvard.edu,3
Valli,Kolnick,17789823,Valli.Kolnick@college.harvard.edu,3
Wileen,Donoghue,10603081,Wileen.Donoghue@college.harvard.edu,3
Gratia,Shanley,10885196,Gratia.Shanley@college.harvard.edu,3
Melisent,Montgomery,18277128,Melisent.Montgomery@college.harvard.edu,3
Taffy,Tillford,11940032,Taffy.Tillford@college.harvard.edu,3
Heida,Rosemary,14467497,Heida.Rosemary@college.harvard.edu,3
Alyssa,Hoban,17262109,Alyssa.Hoban@college.harvard.edu,3
Gaylene,Duwalt,13838628,Gaylene.Duwalt@college.harvard.edu,3
Kirstin,Nadia,16686824,Kirstin.Nadia@college.harvard.edu,3
Carly,Ehrman,15917292,Carly.Ehrman@college.harvard.edu,3
Celene,Dearborn,19991874,Celene.Dearborn@college.harvard.edu,3
Britni,Ambrosia,16687023,Britni.Ambrosia@college.harvard.edu,3
Rosaline,Tiffa,16630925,Rosaline.Tiffa@college.harvard.edu,3
Basia,Tamar,16679035,Basia.Tamar@college.harvard.edu,3
Jan,Wesle,19002734,Jan.Wesle@college.harvard.edu,3
Katuscha,Darrell,14294305,Katuscha.Darrell@college.harvard.edu,3
Violet,Means,17766129,Violet.Means@college.harvard.edu,3
Andree,Vittoria,15564574,Andree.Vittoria@college.harvard.edu,3
Caryl,Leler,16651088,Caryl.Leler@college.harvard.edu,3
Reeba,Giule,10967953,Reeba.Giule@college.harvard.edu,3
Stacey,Buckler,18733779,Stacey.Buckler@college.harvard.edu,3
Babita,Ursulette,10084333,Babita.Ursulette@college.harvard.edu,3
Blondelle,Lymann,15242351,Blondelle.Lymann@college.harvard.edu,3
Cacilie,Reinke,15016735,Cacilie.Reinke@college.harvard.edu,3
Berget,Garek,15716707,Berget.Garek@college.harvard.edu,3
Gabriellia,Dyche,17931888,Gabriellia.Dyche@college.harvard.edu,3
Brooks,Clie,18343796,Brooks.Clie@college.harvard.edu,3
Alyssa,Sekofski,19162746,Alyssa.Sekofski@college.harvard.edu,3
Joane,Hourigan,16156345,Joane.Hourigan@college.harvard.edu,3
Steffane,Joni,18353683,Steffane.Joni@college.harvard.edu,3
Benita,Medrek,14325078,Benita.Medrek@college.harvard.edu,3
Arabel,Leffen,13837190,Arabel.Leffen@college.harvard.edu,3
Kassey,Regan,17587880,Kassey.Regan@college.harvard.edu,3
Tobe,Alejoa,11397089,Tobe.Alejoa@college.harvard.edu,3
Konstance,MacIntosh,10379189,Konstance.MacIntosh@college.harvard.edu,3
Dulce,Carey,13061838,Dulce.Carey@college.harvard.edu,3
Neila,Schroth,19328826,Neila.Schroth@college.harvard.edu,3
Feliza,Hurley,12002503,Feliza.Hurley@college.harvard.edu,3
Nickie,Harriman,16746023,Nickie.Harriman@college.harvard.edu,3
Susan,Granoff,18586304,Susan.Granoff@college.harvard.edu,3
Raina,Sadowski,11116451,Raina.Sadowski@college.harvard.edu,3
Nerta,Anastatius,10555742,Nerta.Anastatius@college.harvard.edu,3
Lexine,Donoghue,18997450,Lexine.Donoghue@college.harvard.edu,3
Gerianna,Ehrman,13809131,Gerianna.Ehrman@college.harvard.edu,3
Gianina,Mitzi,12312524,Gianina.Mitzi@college.harvard.edu,3
Alleen,Dex,18465298,Alleen.Dex@college.harvard.edu,3
Lucy,Brenn,10052457,Lucy.Brenn@college.harvard.edu,3
Dolli,Damarra,17576421,Dolli.Damarra@college.harvard.edu,3
Kerrin,Kylander,18893630,Kerrin.Kylander@college.harvard.edu,3
Sherrie,Khorma,19338831,Sherrie.Khorma@college.harvard.edu,3
Blinni,Dunkin,18368733,Blinni.Dunkin@college.harvard.edu,3
Raina,Rosette,10080534,Raina.Rosette@college.harvard.edu,3
Shaine,Elephus,19476943,Shaine.Elephus@college.harvard.edu,3
Aili,Jary,11802273,Aili.Jary@college.harvard.edu,3
Kathy,Hewitt,18371762,Kathy.Hewitt@college.harvard.edu,3
Lorenza,Catie,19671469,Lorenza.Catie@college.harvard.edu,3
Tersina,Ade,14298315,Tersina.Ade@college.harvard.edu,3
Alie,Vanni,16326680,Alie.Vanni@college.harvard.edu,3
Ulrike,Teddman,15652039,Ulrike.Teddman@college.harvard.edu,3
Chloris,Boycey,10505139,Chloris.Boycey@college.harvard.edu,3
Blake,Mendez,11792955,Blake.Mendez@college.harvard.edu,3
Renae,Rheingold,12349951,Renae.Rheingold@college.harvard.edu,3
Ekaterina,Maiah,16845912,Ekaterina.Maiah@college.harvard.edu,3
Susan,Tamsky,10741571,Susan.Tamsky@college.harvard.edu,3
Brena,Greyson,19163972,Brena.Greyson@college.harvard.edu,3
Bernardine,Erminia,19143104,Bernardine.Erminia@college.harvard.edu,3
Annora,Nicoline,11662200,Annora.Nicoline@college.harvard.edu,3
Selia,Leler,10779599,Selia.Leler@college.harvard.edu,3
Angelique,Sholley,10355034,Angelique.Sholley@college.harvard.edu,3
Alie,Tybald,14250354,Alie.Tybald@college.harvard.edu,3
Hollie,Teryn,19937443,Hollie.Teryn@college.harvard.edu,3
Pearline,Kaja,14368835,Pearline.Kaja@college.harvard.edu,3
Deirdre,Chrystel,18986651,Deirdre.Chrystel@college.harvard.edu,3
Pollyanna,Paton,15252559,Pollyanna.Paton@college.harvard.edu,3
Nelle,Erich,13451313,Nelle.Erich@college.harvard.edu,3
Goldie,Sisile,14414869,Goldie.Sisile@college.harvard.edu,3
Betta,Wallis,13059662,Betta.Wallis@college.harvard.edu,3
Paulita,Felizio,12402678,Paulita.Felizio@college.harvard.edu,3
Gretal,Carvey,12341371,Gretal.Carvey@college.harvard.edu,3
Sidoney,Etom,11008621,Sidoney.Etom@college.harvard.edu,3
Monika,Gilbertson,17032612,Monika.Gilbertson@college.harvard.edu,3
Desirae,Sholley,19475426,Desirae.Sholley@college.harvard.edu,3
Charissa,Garrison,10164177,Charissa.Garrison@college.harvard.edu,3
Ayn,Yuille,14836415,Ayn.Yuille@college.harvard.edu,3
Anica,Redmond,16156205,Anica.Redmond@college.harvard.edu,3
Atlanta,Ax,12834470,Atlanta.Ax@college.harvard.edu,3
Jeanna,Gordon,18251154,Jeanna.Gordon@college.harvard.edu,3
Jillayne,Gillan,13366343,Jillayne.Gillan@college.harvard.edu,3
