Moyna,Dorothy,12556187,Moyna.Dorothy@college.harvard.edu,7
Pierette,Hutchison,16577108,Pierette.Hutchison@college.harvard.edu,7
Gale,Hermes,10553554,Gale.Hermes@college.harvard.edu,7
Chrystel,Borrell,16164885,Chrystel.Borrell@college.harvard.edu,7
Larine,Paton,14731172,Larine.Paton@college.harvard.edu,7
Aryn,Hanleigh,19408239,Aryn.Hanleigh@college.harvard.edu,7
Lauryn,Tamsky,14140421,Lauryn.Tamsky@college.harvard.edu,7
Gerianna,Maples,11245424,Gerianna.Maples@college.harvard.edu,7
Charlena,Buffum,11578825,Charlena.Buffum@college.harvard.edu,7
Sheree,Plato,16102308,Sheree.Plato@college.harvard.edu,7
Dode,Clywd,11331372,Dode.Clywd@college.harvard.edu,7
Misha,Cristi,12765233,Misha.Cristi@college.harvard.edu,7
Myriam,Sinegold,15041739,Myriam.Sinegold@college.harvard.edu,7
Shandie,Wu,19974709,Shandie.Wu@college.harvard.edu,7
Daune,Lewes,13258951,Daune.Lewes@college.harvard.edu,7
Odessa,Ricarda,14005932,Odessa.Ricarda@college.harvard.edu,7
Ivett,Marcellus,16350342,Ivett.Marcellus@college.harvard.edu,7
Cristabel,Shields,11557985,Cristabel.Shields@college.harvard.edu,7
Cordi,Bronk,13062118,Cordi.Bronk@college.harvard.edu,7
Tracey,Ammann,17612272,Tracey.Ammann@college.harvard.edu,7
Gwenneth,Pacorro,16307471,Gwenneth.Pacorro@college.harvard.edu,7
Marjie,Tristram,18960145,Marjie.Tristram@college.harvard.edu,7
Rivalee,Willie,15107055,Rivalee.Willie@college.harvard.edu,7
Atlanta,Elbertina,19463693,Atlanta.Elbertina@college.harvard.edu,7
Agathe,Zachary,10057785,Agathe.Zachary@college.harvard.edu,7
Hannis,Arquit,11659272,Hannis.Arquit@college.harvard.edu,7
Belinda,Iiette,13087109,Belinda.Iiette@college.harvard.edu,7
Bobinette,Matthew,15380655,Bobinette.Matthew@college.harvard.edu,7
Evaleen,Wolfgram,13940303,Evaleen.Wolfgram@college.harvard.edu,7
Brandise,Delila,11340377,Brandise.Delila@college.harvard.edu,7
Siana,Soneson,17998677,Siana.Soneson@college.harvard.edu,7
Belva,Hylan,15664126,Belva.Hylan@college.harvard.edu,7
Angela,Harned,16145536,Angela.Harned@college.harvard.edu,7
Karlee,Freddi,12962460,Karlee.Freddi@college.harvard.edu,7
Aimil,Reneta,11416674,Aimil.Reneta@college.harvard.edu,7
Zaria,Hollingsworth,18200710,Zaria.Hollingsworth@college.harvard.edu,7
Beverley,Wooster,12413095,Beverley.Wooster@college.harvard.edu,7
Malina,Hessler,19374064,Malina.Hessler@college.harvard.edu,7
Mathilda,Cosenza,13908008,Mathilda.Cosenza@college.harvard.edu,7
Molli,Belldas,17872710,Molli.Belldas@college.harvard.edu,7
Ida,Linehan,18798588,Ida.Linehan@college.harvard.edu,7
Gloria,Amadas,12220298,Gloria.Amadas@college.harvard.edu,7
Annora,Riva,16776558,Annora.Riva@college.harvard.edu,7
Melisent,Xerxes,15057567,Melisent.Xerxes@college.harvard.edu,7
Romona,Gilbertson,19250888,Romona.Gilbertson@college.harvard.edu,7
Susette,Kiersten,14398052,Susette.Kiersten@college.harvard.edu,7
Wynne,Orpah,18984001,Wynne.Orpah@college.harvard.edu,7
Miquela,Koziara,17633129,Miquela.Koziara@college.harvard.edu,7
Halette,Smitt,16408364,Halette.Smitt@college.harvard.edu,7
Valli,Cath,18748627,Valli.Cath@college.harvard.edu,7
Lolita,Esmaria,10966939,Lolita.Esmaria@college.harvard.edu,7
Jany,Chick,16714167,Jany.Chick@college.harvard.edu,7
Shauna,Nedrud,17787736,Shauna.Nedrud@college.harvard.edu,7
Vanessa,Baptlsta,17907239,Vanessa.Baptlsta@college.harvard.edu,7
Aeriela,Lanita,12740103,Aeriela.Lanita@college.harvard.edu,7
Lorenza,Koehler,18869543,Lorenza.Koehler@college.harvard.edu,7
Aigneis,Bartlett,18616245,Aigneis.Bartlett@college.harvard.edu,7
Molli,Orpah,15713449,Molli.Orpah@college.harvard.edu,7
Aeriela,Tannie,13806999,Aeriela.Tannie@college.harvard.edu,7
Kerrin,Merat,12449723,Kerrin.Merat@college.harvard.edu,7
Sherrie,Brenn,18386637,Sherrie.Brenn@college.harvard.edu,7
Sarette,Albertine,14845125,Sarette.Albertine@college.harvard.edu,7
Laure,Oscar,12525371,Laure.Oscar@college.harvard.edu,7
Marinna,Parette,16140510,Marinna.Parette@college.harvard.edu,7
Ketti,Tiffa,15469152,Ketti.Tiffa@college.harvard.edu,7
Maud,Faust,16110589,Maud.Faust@college.harvard.edu,7
Harmonia,Norrie,17792981,Harmonia.Norrie@college.harvard.edu,7
Desirae,Meli,12816224,Desirae.Meli@college.harvard.edu,7
Raquela,Chaing,19614740,Raquela.Chaing@college.harvard.edu,7
Elie,Dearborn,15995500,Elie.Dearborn@college.harvard.edu,7
Henriette,Orelee,12796359,Henriette.Orelee@college.harvard.edu,7
Yvonne,Saint,10591751,Yvonne.Saint@college.harvard.edu,7
Jessy,Andrel,12427820,Jessy.Andrel@college.harvard.edu,7
Bobbi,Gusella,19319004,Bobbi.Gusella@college.harvard.edu,7
Damaris,Ranjiv,16960175,Damaris.Ranjiv@college.harvard.edu,7
Tracey,Auberbach,13068180,Tracey.Auberbach@college.harvard.edu,7
Gale,Diann,19396408,Gale.Diann@college.harvard.edu,7
Louella,Madox,16677976,Louella.Madox@college.harvard.edu,7
Ursulina,Konyn,17700701,Ursulina.Konyn@college.harvard.edu,7
Kore,Amadas,18950083,Kore.Amadas@college.harvard.edu,7
Tersina,Haerr,14226515,Tersina.Haerr@college.harvard.edu,7
Sheree,Ezar,18273460,Sheree.Ezar@college.harvard.edu,7
Tabbatha,Drisko,18697548,Tabbatha.Drisko@college.harvard.edu,7
Corly,Dichy,13973312,Corly.Dichy@college.harvard.edu,7
Britni,Morgun,16091293,Britni.Morgun@college.harvard.edu,7
Beverley,Hepsibah,13588302,Beverley.Hepsibah@college.harvard.edu,7
Babita,Sinegold,18677649,Babita.Sinegold@college.harvard.edu,7
Marita,Montgomery,19055511,Marita.Montgomery@college.harvard.edu,7
Gilligan,Haerr,10769494,Gilligan.Haerr@college.harvard.edu,7
Tamqrah,Sawtelle,19692961,Tamqrah.Sawtelle@college.harvard.edu,7
Cherilyn,Baudin,16532284,Cherilyn.Baudin@college.harvard.edu,7
Antonietta,Lissi,18580384,Antonietta.Lissi@college.harvard.edu,7
Rhoda,Kronfeld,17953085,Rhoda.Kronfeld@college.harvard.edu,7
Annaliese,Fadiman,19413059,Annaliese.Fadiman@college.harvard.edu,7
Cissiee,Tomasina,11967282,Cissiee.Tomasina@college.harvard.edu,7
Claudina,Pauly,15098675,Claudina.Pauly@college.harvard.edu,7
Arabel,Peti,19898765,Arabel.Peti@college.harvard.edu,7
Eugine,Eiser,16971890,Eugine.Eiser@college.harvard.edu,7
Raf,Amadas,17915051,Raf.Amadas@college.harvard.edu,7
Romona,Calhoun,14938737,Romona.Calhoun@college.harvard.edu,7
Maye,Carbo,13259741,Maye.Carbo@college.harvard.edu,7
Melanie,Sheedy,11825993,Melanie.Sheedy@college.harvard.edu,7
Mamie,Lumbard,15109809,Mamie.Lumbard@college.harvard.edu,7
Wanda,Minetta,10852699,Wanda.Minetta@college.harvard.edu,7
Hyacinthe,Mallon,14916847,Hyacinthe.Mallon@college.harvard.edu,7
Hermione,Virgin,15598950,Hermione.Virgin@college.harvard.edu,7
Cherrita,Callista,13697669,Cherrita.Callista@college.harvard.edu,7
Jemie,Abbot,18958721,Jemie.Abbot@college.harvard.edu,7
Mireielle,Anselmi,13980421,Mireielle.Anselmi@college.harvard.edu,7
Ermengarde,Bartlett,15322110,Ermengarde.Bartlett@college.harvard.edu,7
Glenda,Evangelia,10739274,Glenda.Evangelia@college.harvard.edu,7
Gavrielle,Redmond,13539441,Gavrielle.Redmond@college.harvard.edu,7
Lorne,Jorgan,12556706,Lorne.Jorgan@college.harvard.edu,7
Marleah,Miru,16850946,Marleah.Miru@college.harvard.edu,7
Jsandye,Cristi,14216275,Jsandye.Cristi@college.harvard.edu,7
Max,Mike,10085848,Max.Mike@college.harvard.edu,7
Robinia,Raul,10889824,Robinia.Raul@college.harvard.edu,7
Maryellen,Durante,14111756,Maryellen.Durante@college.harvard.edu,7
Pierette,Othilia,18189491,Pierette.Othilia@college.harvard.edu,7
Gavrielle,Giff,10002596,Gavrielle.Giff@college.harvard.edu,7
Riannon,Stanwood,10024217,Riannon.Stanwood@college.harvard.edu,7
Robinia,Hoenack,10783596,Robinia.Hoenack@college.harvard.edu,7
Monika,Anton,10999000,Monika.Anton@college.harvard.edu,7
Pierette,Belanger,17820258,Pierette.Belanger@college.harvard.edu,7
Danika,Ochs,10456197,Danika.Ochs@college.harvard.edu,7
Vanessa,Macey,16275976,Vanessa.Macey@college.harvard.edu,7
Lolita,Letsou,16031704,Lolita.Letsou@college.harvard.edu,7
Orelia,Drisko,10410477,Orelia.Drisko@college.harvard.edu,7
Corene,Thomasina,13351823,Corene.Thomasina@college.harvard.edu,7
Jenilee,Kalinda,14007845,Jenilee.Kalinda@college.harvard.edu,7
Lynea,Manolo,12962995,Lynea.Manolo@college.harvard.edu,7
Agathe,Teryn,14948498,Agathe.Teryn@college.harvard.edu,7
Belinda,Linskey,19533199,Belinda.Linskey@college.harvard.edu,7
Frances,Hilbert,17327449,Frances.Hilbert@college.harvard.edu,7
Demetris,Knowling,15704164,Demetris.Knowling@college.harvard.edu,7
Cherilyn,Stav,14011216,Cherilyn.Stav@college.harvard.edu,7
Nariko,Donoghue,14974061,Nariko.Donoghue@college.harvard.edu,7
Aili,Berl,14282080,Aili.Berl@college.harvard.edu,7
Johna,Aldric,10853350,Johna.Aldric@college.harvard.edu,7
Yetty,Hortensia,11908593,Yetty.Hortensia@college.harvard.edu,7
Nadine,Emerson,14079268,Nadine.Emerson@college.harvard.edu,7
Brynna,Wesle,15661423,Brynna.Wesle@college.harvard.edu,7
Cristabel,Milson,19252522,Cristabel.Milson@college.harvard.edu,7
Dorice,Boycey,17692558,Dorice.Boycey@college.harvard.edu,7
Andeee,Ummersen,15992175,Andeee.Ummersen@college.harvard.edu,7
Jemie,Calhoun,19660768,Jemie.Calhoun@college.harvard.edu,7
Brana,Concha,12564036,Brana.Concha@college.harvard.edu,7
Kelly,Anyah,18523066,Kelly.Anyah@college.harvard.edu,7
Maud,Gordon,17309557,Maud.Gordon@college.harvard.edu,7
Kore,Elisha,18360260,Kore.Elisha@college.harvard.edu,7
Jessamyn,Jacobah,11089890,Jessamyn.Jacobah@college.harvard.edu,7
Felice,Bivins,15529454,Felice.Bivins@college.harvard.edu,7
Sophia,Ajay,19047058,Sophia.Ajay@college.harvard.edu,7
Christy,Ellord,13411966,Christy.Ellord@college.harvard.edu,7
Pollyanna,Holtz,18808323,Pollyanna.Holtz@college.harvard.edu,7
Danika,Jotham,12449088,Danika.Jotham@college.harvard.edu,7
Sean,Remmer,10100627,Sean.Remmer@college.harvard.edu,7
Delilah,Publia,12994767,Delilah.Publia@college.harvard.edu,7
Dolli,Docilla,14113016,Dolli.Docilla@college.harvard.edu,7
Jorry,Holbrook,19036107,Jorry.Holbrook@college.harvard.edu,7
Desirae,Travax,14312803,Desirae.Travax@college.harvard.edu,7
Therine,Radu,12583896,Therine.Radu@college.harvard.edu,7
Cam,Manolo,14940273,Cam.Manolo@college.harvard.edu,7
Elvira,Sophronia,10448144,Elvira.Sophronia@college.harvard.edu,7
Bernie,Tristram,16206011,Bernie.Tristram@college.harvard.edu,7
Roz,Kalinda,13162195,Roz.Kalinda@college.harvard.edu,7
Ana,Bollay,19210549,Ana.Bollay@college.harvard.edu,7
Latisha,Lowry,15627752,Latisha.Lowry@college.harvard.edu,7
Robbi,Suk,12603456,Robbi.Suk@college.harvard.edu,7
Dawn,Stilwell,17553201,Dawn.Stilwell@college.harvard.edu,7
Zondra,Shaddock,10782217,Zondra.Shaddock@college.harvard.edu,7
Evaleen,Ashely,15240424,Evaleen.Ashely@college.harvard.edu,7
Justinn,Papageno,13205422,Justinn.Papageno@college.harvard.edu,7
Loree,Ingra,18682611,Loree.Ingra@college.harvard.edu,7
Ursulina,Charmine,17843792,Ursulina.Charmine@college.harvard.edu,7
Priscilla,Atcliffe,10738212,Priscilla.Atcliffe@college.harvard.edu,7
Myrtice,Standing,19608294,Myrtice.Standing@college.harvard.edu,7
Rhoda,Gale,14088915,Rhoda.Gale@college.harvard.edu,7
Frank,Kathie,16862194,Frank.Kathie@college.harvard.edu,7
Margette,Boehike,17049726,Margette.Boehike@college.harvard.edu,7
Latisha,Even,18843429,Latisha.Even@college.harvard.edu,7
Fanny,Peg,12661749,Fanny.Peg@college.harvard.edu,7
Mathilda,Japeth,19845330,Mathilda.Japeth@college.harvard.edu,7
Liana,Redmond,12845395,Liana.Redmond@college.harvard.edu,7
Regina,Rodmann,17836189,Regina.Rodmann@college.harvard.edu,7
Bertine,Avi,15189854,Bertine.Avi@college.harvard.edu,7
Catrina,Adlare,14406501,Catrina.Adlare@college.harvard.edu,7
