Carolina,Ummersen,12399079,Carolina.Ummersen@college.harvard.edu,8
Beth,Roxanna,13130130,Beth.Roxanna@college.harvard.edu,8
Fidelia,Cherianne,14073512,Fidelia.Cherianne@college.harvard.edu,8
Emylee,Emmaline,17140291,Emylee.Emmaline@college.harvard.edu,8
Ann-Marie,Sherrie,13813311,Ann-Marie.Sherrie@college.harvard.edu,8
Robinia,Shirberg,15304763,Robinia.Shirberg@college.harvard.edu,8
Brietta,Primalia,16916977,Brietta.Primalia@college.harvard.edu,8
Christy,Iiette,13392284,Christy.Iiette@college.harvard.edu,8
Jessamyn,Ahab,13090028,Jessamyn.Ahab@college.harvard.edu,8
Lorne,Schenck,11660791,Lorne.Schenck@college.harvard.edu,8
Nickie,Tatianas,10386375,Nickie.Tatianas@college.harvard.edu,8
Dione,Rad,17225979,Dione.Rad@college.harvard.edu,8
Annecorinne,Marijo,15561593,Annecorinne.Marijo@college.harvard.edu,8
Starla,Koehler,12057217,Starla.Koehler@college.harvard.edu,8
Lila,Shanley,12740931,Lila.Shanley@college.harvard.edu,8
Fernande,Nester,16794516,Fernande.Nester@college.harvard.edu,8
Rosene,Artie,14866879,Rosene.Artie@college.harvard.edu,8
Constance,Gilbertson,19270895,Constance.Gilbertson@college.harvard.edu,8
Dorene,Casimir,14420637,Dorene.Casimir@college.harvard.edu,8
Frieda,O'Rourke,17981599,Frieda.O'Rourke@college.harvard.edu,8
Silvana,McClimans,11514978,Silvana.McClimans@college.harvard.edu,8
Rosabelle,Lymann,12009571,Rosabelle.Lymann@college.harvard.edu,8
Gilda,Gillan,14094779,Gilda.Gillan@college.harvard.edu,8
Nollie,Clie,12582290,Nollie.Clie@college.harvard.edu,8
Audrie,Weaks,11069346,Audrie.Weaks@college.harvard.edu,8
Evita,Vary,14410079,Evita.Vary@college.harvard.edu,8
Dale,Ries,15313867,Dale.Ries@college.harvard.edu,8
Jinny,Haerr,14135401,Jinny.Haerr@college.harvard.edu,8
Lynnea,Daveta,15787314,Lynnea.Daveta@college.harvard.edu,8
Cam,Rodmann,14523012,Cam.Rodmann@college.harvard.edu,8
Lory,Kat,11308726,Lory.Kat@college.harvard.edu,8
Rubie,Sandye,18111496,Rubie.Sandye@college.harvard.edu,8
Riannon,Raseda,13800219,Riannon.Raseda@college.harvard.edu,8
Marjie,Johanna,16153602,Marjie.Johanna@college.harvard.edu,8
Harmonia,Mike,18002861,Harmonia.Mike@college.harvard.edu,8
Adriana,Joni,13722087,Adriana.Joni@college.harvard.edu,8
Ricky,Beebe,10279094,Ricky.Beebe@college.harvard.edu,8
Minne,Melan,18978146,Minne.Melan@college.harvard.edu,8
Sharlene,Carolin,12191886,Sharlene.Carolin@college.harvard.edu,8
Kalina,Byrne,16172206,Kalina.Byrne@college.harvard.edu,8
Shauna,Dunkin,17752080,Shauna.Dunkin@college.harvard.edu,8
Celestyna,Bennie,18135448,Celestyna.Bennie@college.harvard.edu,8
Marti,Garlinda,14768316,Marti.Garlinda@college.harvard.edu,8
Sissy,Anestassia,10159636,Sissy.Anestassia@college.harvard.edu,8
Cathie,Stover,10070624,Cathie.Stover@college.harvard.edu,8
Drucie,Karylin,18703631,Drucie.Karylin@college.harvard.edu,8
Kial,Mott,15236360,Kial.Mott@college.harvard.edu,8
Mireielle,Bury,14284381,Mireielle.Bury@college.harvard.edu,8
Mariann,Ellord,19579544,Mariann.Ellord@college.harvard.edu,8
Elbertina,Clara,11249526,Elbertina.Clara@college.harvard.edu,8
Myriam,Freddi,19696593,Myriam.Freddi@college.harvard.edu,8
Cacilie,Raama,11811983,Cacilie.Raama@college.harvard.edu,8
Roberta,Quinn,10382448,Roberta.Quinn@college.harvard.edu,8
Trixi,Gregrory,12849347,Trixi.Gregrory@college.harvard.edu,8
Shell,Willie,14701557,Shell.Willie@college.harvard.edu,8
Chrystel,Colyer,11636294,Chrystel.Colyer@college.harvard.edu,8
Cristabel,Pierette,17574869,Cristabel.Pierette@college.harvard.edu,8
Leia,Peg,10541191,Leia.Peg@college.harvard.edu,8
Petronia,Euridice,13842596,Petronia.Euridice@college.harvard.edu,8
Odessa,Oster,19803879,Odessa.Oster@college.harvard.edu,8
Yetty,Charity,15001904,Yetty.Charity@college.harvard.edu,8
Patricia,Noelyn,19160884,Patricia.Noelyn@college.harvard.edu,8
Joeann,Lissi,17239872,Joeann.Lissi@college.harvard.edu,8
Lanna,Ax,12109866,Lanna.Ax@college.harvard.edu,8
Nyssa,Himelman,12791091,Nyssa.Himelman@college.harvard.edu,8
Ricky,Rebecka,15608353,Ricky.Rebecka@college.harvard.edu,8
Ashlee,Billye,13422910,Ashlee.Billye@college.harvard.edu,8
Tabbatha,Dreda,18799150,Tabbatha.Dreda@college.harvard.edu,8
Katuscha,Jefferey,12413018,Katuscha.Jefferey@college.harvard.edu,8
Latisha,Armanda,14740383,Latisha.Armanda@college.harvard.edu,8
Nollie,Magnolia,10407725,Nollie.Magnolia@college.harvard.edu,8
Mireielle,Uund,18018755,Mireielle.Uund@college.harvard.edu,8
Bettine,Ashok,18828673,Bettine.Ashok@college.harvard.edu,8
Lexine,Schroth,12373036,Lexine.Schroth@college.harvard.edu,8
Shel,Moseley,18572227,Shel.Moseley@college.harvard.edu,8
Sharlene,Gillan,15414309,Sharlene.Gillan@college.harvard.edu,8
Aigneis,Hessler,15059379,Aigneis.Hessler@college.harvard.edu,8
Xylina,Gemini,15508561,Xylina.Gemini@college.harvard.edu,8
Suzette,Eno,10626114,Suzette.Eno@college.harvard.edu,8
Letizia,Carlson,12333137,Letizia.Carlson@college.harvard.edu,8
Sabina,Arley,15914055,Sabina.Arley@college.harvard.edu,8
Claresta,Toor,12626174,Claresta.Toor@college.harvard.edu,8
Orelia,Poppy,18048799,Orelia.Poppy@college.harvard.edu,8
Carolina,Pacorro,16629153,Carolina.Pacorro@college.harvard.edu,8
Starla,Scammon,18653174,Starla.Scammon@college.harvard.edu,8
Hollie,Publia,13455091,Hollie.Publia@college.harvard.edu,8
Cacilie,Garlinda,15591055,Cacilie.Garlinda@college.harvard.edu,8
Steffane,Lacombe,13376740,Steffane.Lacombe@college.harvard.edu,8
Bernie,Hylan,13525769,Bernie.Hylan@college.harvard.edu,8
Claresta,Braun,15228995,Claresta.Braun@college.harvard.edu,8
Karina,Bennie,17742510,Karina.Bennie@college.harvard.edu,8
Sallie,Lilas,11776971,Sallie.Lilas@college.harvard.edu,8
Deane,Valoniah,17786692,Deane.Valoniah@college.harvard.edu,8
Kate,Kannry,14745114,Kate.Kannry@college.harvard.edu,8
Adele,Malina,16872005,Adele.Malina@college.harvard.edu,8
Sara-Ann,Gregrory,13244934,Sara-Ann.Gregrory@college.harvard.edu,8
Oralee,Donell,19545303,Oralee.Donell@college.harvard.edu,8
Cathyleen,Stanwood,13786369,Cathyleen.Stanwood@college.harvard.edu,8
Linzy,Salchunas,11655704,Linzy.Salchunas@college.harvard.edu,8
Thalia,Hull,12070102,Thalia.Hull@college.harvard.edu,8
Asia,Orlene,10170163,Asia.Orlene@college.harvard.edu,8
Johna,Gladstone,15783136,Johna.Gladstone@college.harvard.edu,8
Elmira,Colleen,19595580,Elmira.Colleen@college.harvard.edu,8
Delilah,Wilkinson,14720800,Delilah.Wilkinson@college.harvard.edu,8
Caritta,Adamsen,19690657,Caritta.Adamsen@college.harvard.edu,8
Nessie,Anyah,12191748,Nessie.Anyah@college.harvard.edu,8
Laure,Tayib,13439816,Laure.Tayib@college.harvard.edu,8
Rubie,Juan,12579933,Rubie.Juan@college.harvard.edu,8
Florencia,Reidar,17684673,Florencia.Reidar@college.harvard.edu,8
Siana,Hermes,18178860,Siana.Hermes@college.harvard.edu,8
Averyl,Saunderson,19820846,Averyl.Saunderson@college.harvard.edu,8
Delilah,Martsen,10002920,Delilah.Martsen@college.harvard.edu,8
Giustina,Knowling,12201464,Giustina.Knowling@college.harvard.edu,8
Karly,Whittaker,17377043,Karly.Whittaker@college.harvard.edu,8
Rosanne,Amethist,10610282,Rosanne.Amethist@college.harvard.edu,8
Melodie,Natalia,10147953,Melodie.Natalia@college.harvard.edu,8
Madalyn,Emanuel,19277610,Madalyn.Emanuel@college.harvard.edu,8
Vanessa,Tayib,13596624,Vanessa.Tayib@college.harvard.edu,8
Bernie,Dannye,16610758,Bernie.Dannye@college.harvard.edu,8
Sashenka,Voletta,19458733,Sashenka.Voletta@college.harvard.edu,8
Linzy,Karl,12725193,Linzy.Karl@college.harvard.edu,8
Estell,Roscoe,11583296,Estell.Roscoe@college.harvard.edu,8
Kassey,Tybald,12263091,Kassey.Tybald@college.harvard.edu,8
Binny,Hailee,16632121,Binny.Hailee@college.harvard.edu,8
Dacia,Uund,13834833,Dacia.Uund@college.harvard.edu,8
Jan,Gaynor,14060128,Jan.Gaynor@college.harvard.edu,8
Diena,Edee,12267490,Diena.Edee@college.harvard.edu,8
Neila,Suk,11474238,Neila.Suk@college.harvard.edu,8
Aaren,Ashely,12020784,Aaren.Ashely@college.harvard.edu,8
Gusty,Tryck,13366608,Gusty.Tryck@college.harvard.edu,8
Myrtice,Leopold,14772626,Myrtice.Leopold@college.harvard.edu,8
Carolina,Belanger,18371354,Carolina.Belanger@college.harvard.edu,8
Vivia,Bluh,10164273,Vivia.Bluh@college.harvard.edu,8
Arabel,Anton,17609591,Arabel.Anton@college.harvard.edu,8
Ruthe,Malvino,10021515,Ruthe.Malvino@college.harvard.edu,8
Maridel,Solitta,14053804,Maridel.Solitta@college.harvard.edu,8
Kaja,Shaver,18065087,Kaja.Shaver@college.harvard.edu,8
Sherrie,Anselmi,10852333,Sherrie.Anselmi@college.harvard.edu,8
Anestassia,Claudine,11114570,Anestassia.Claudine@college.harvard.edu,8
Kittie,Taima,12266700,Kittie.Taima@college.harvard.edu,8
Jan,Elsinore,18874845,Jan.Elsinore@college.harvard.edu,8
Celene,Flita,14264948,Celene.Flita@college.harvard.edu,8
Gerrie,Morrill,14919551,Gerrie.Morrill@college.harvard.edu,8
Talya,Lynn,15487456,Talya.Lynn@college.harvard.edu,8
Quintina,Ralfston,10073376,Quintina.Ralfston@college.harvard.edu,8
Kore,Freddi,19662289,Kore.Freddi@college.harvard.edu,8
Lila,Sinegold,19159524,Lila.Sinegold@college.harvard.edu,8
Concettina,Bohlin,13186776,Concettina.Bohlin@college.harvard.edu,8
Leeanne,Monaco,17596570,Leeanne.Monaco@college.harvard.edu,8
Robinia,Larochelle,16935466,Robinia.Larochelle@college.harvard.edu,8
Julieta,Remmer,10462950,Julieta.Remmer@college.harvard.edu,8
Robinia,Ellord,10742371,Robinia.Ellord@college.harvard.edu,8
Nicoli,Sholley,17218018,Nicoli.Sholley@college.harvard.edu,8
Kalina,Carlson,19727831,Kalina.Carlson@college.harvard.edu,8
