Phedra,Lia,11868072,Phedra.Lia@college.harvard.edu,9
Deirdre,Ioab,11777577,Deirdre.Ioab@college.harvard.edu,9
Rozele,Wilkinson,15118764,Rozele.Wilkinson@college.harvard.edu,9
Jenilee,Vastah,11949445,Jenilee.Vastah@college.harvard.edu,9
Merci,Louanna,14261672,Merci.Louanna@college.harvard.edu,9
Marti,Alva,15373184,Marti.Alva@college.harvard.edu,9
Dorene,Jalbert,17402190,Dorene.Jalbert@college.harvard.edu,9
Jenda,Diann,15279072,Jenda.Diann@college.harvard.edu,9
Dania,Boycey,11614816,Dania.Boycey@college.harvard.edu,9
Chickie,Chandler,17953550,Chickie.Chandler@college.harvard.edu,9
Rochette,Genna,19958152,Rochette.Genna@college.harvard.edu,9
Kristan,Standing,19728411,Kristan.Standing@college.harvard.edu,9
Emmey,Bryna,19613038,Emmey.Bryna@college.harvard.edu,9
Sybille,Merriott,10431764,Sybille.Merriott@college.harvard.edu,9
Beatriz,Stover,15517463,Beatriz.Stover@college.harvard.edu,9
Nerta,Maroney,14711834,Nerta.Maroney@college.harvard.edu,9
Jere,Rogerio,13250942,Jere.Rogerio@college.harvard.edu,9
Lorenza,Dearborn,18290415,Lorenza.Dearborn@college.harvard.edu,9
Ruthe,Dannye,17566782,Ruthe.Dannye@college.harvard.edu,9
Jaclyn,Ioab,12898682,Jaclyn.Ioab@college.harvard.edu,9
Raquela,Lenny,18924933,Raquela.Lenny@college.harvard.edu,9
Jeanna,Velick,10123917,Jeanna.Velick@college.harvard.edu,9
Selia,Llovera,14302923,Selia.Llovera@college.harvard.edu,9
Alex,Modie,12824975,Alex.Modie@college.harvard.edu,9
Marti,Slifka,12227793,Marti.Slifka@college.harvard.edu,9
Amalie,Alabaster,16930954,Amalie.Alabaster@college.harvard.edu,9
Netty,Jagir,17321044,Netty.Jagir@college.harvard.edu,9
Zsa Zsa,Lynn,17628953,Zsa Zsa.Lynn@college.harvard.edu,9
Betta,Cullin,14207386,Betta.Cullin@college.harvard.edu,9
Dacia,Harriman,13555102,Dacia.Harriman@college.harvard.edu,9
Nananne,O'Carroll,15923124,Nananne.O'Carroll@college.harvard.edu,9
Dale,Blake,19847603,Dale.Blake@college.harvard.edu,9
Adelle,Wandie,17206590,Adelle.Wandie@college.harvard.edu,9
Berget,Charity,14398281,Berget.Charity@college.harvard.edu,9
Almeta,Erich,15984018,Almeta.Erich@college.harvard.edu,9
Susan,Grosz,19302731,Susan.Grosz@college.harvard.edu,9
Wanda,Primalia,10595043,Wanda.Primalia@college.harvard.edu,9
Farrah,Kronfeld,13465275,Farrah.Kronfeld@college.harvard.edu,9
Tatiania,Jacobah,11556886,Tatiania.Jacobah@college.harvard.edu,9
Allyce,Kathie,17267839,Allyce.Kathie@college.harvard.edu,9
Agathe,Janith,15193473,Agathe.Janith@college.harvard.edu,9
Jennica,Carleen,14124106,Jennica.Carleen@college.harvard.edu,9
Lucille,Jalbert,17029227,Lucille.Jalbert@college.harvard.edu,9
Emma,Braun,16996166,Emma.Braun@college.harvard.edu,9
Harmonia,Carri,12627315,Harmonia.Carri@college.harvard.edu,9
Gilligan,Hanshaw,14960727,Gilligan.Hanshaw@college.harvard.edu,9
Constance,Hull,14103313,Constance.Hull@college.harvard.edu,9
Penelopa,Honoria,15128348,Penelopa.Honoria@college.harvard.edu,9
Hyacinthe,Gabrielli,18078241,Hyacinthe.Gabrielli@college.harvard.edu,9
Raina,Virgin,12379766,Raina.Virgin@college.harvard.edu,9
Layla,Wiener,10342857,Layla.Wiener@college.harvard.edu,9
Lulita,Maisey,16774006,Lulita.Maisey@college.harvard.edu,9
Annaliese,Alejoa,13470073,Annaliese.Alejoa@college.harvard.edu,9
Dotty,Ciapas,18158965,Dotty.Ciapas@college.harvard.edu,9
Roslyn,Wolfgram,18296515,Roslyn.Wolfgram@college.harvard.edu,9
Harrietta,Belanger,18810351,Harrietta.Belanger@college.harvard.edu,9
Marcy,Sisile,14867222,Marcy.Sisile@college.harvard.edu,9
Shell,Nisbet,13303685,Shell.Nisbet@college.harvard.edu,9
Stacey,Han,11834426,Stacey.Han@college.harvard.edu,9
Olwen,Gualtiero,15683100,Olwen.Gualtiero@college.harvard.edu,9
Teddie,Maribeth,16391554,Teddie.Maribeth@college.harvard.edu,9
Stephanie,Ioab,14589385,Stephanie.Ioab@college.harvard.edu,9
Shell,Llovera,13574080,Shell.Llovera@college.harvard.edu,9
Helena,Anis,12352279,Helena.Anis@college.harvard.edu,9
Dede,Nerita,11300933,Dede.Nerita@college.harvard.edu,9
Sindee,Merat,19030500,Sindee.Merat@college.harvard.edu,9
Rivalee,Celestine,15722847,Rivalee.Celestine@college.harvard.edu,9
Priscilla,Carleen,15682043,Priscilla.Carleen@college.harvard.edu,9
Roz,Pattin,16693374,Roz.Pattin@college.harvard.edu,9
Ronna,Catie,14828999,Ronna.Catie@college.harvard.edu,9
Gerrie,Wesle,10902416,Gerrie.Wesle@college.harvard.edu,9
Leontine,Aaberg,13067083,Leontine.Aaberg@college.harvard.edu,9
Susette,Yusuk,10166544,Susette.Yusuk@college.harvard.edu,9
Flory,Eldrid,14553888,Flory.Eldrid@college.harvard.edu,9
Elyssa,Joeann,15017882,Elyssa.Joeann@college.harvard.edu,9
Bertine,Carbo,10304187,Bertine.Carbo@college.harvard.edu,9
Kristan,Jorgan,14820315,Kristan.Jorgan@college.harvard.edu,9
Constance,Evangelia,11416501,Constance.Evangelia@college.harvard.edu,9
Sue,Etom,10494732,Sue.Etom@college.harvard.edu,9
Olwen,Alarise,13646043,Olwen.Alarise@college.harvard.edu,9
Jacenta,Brittani,12443962,Jacenta.Brittani@college.harvard.edu,9
Nannie,Guthrie,10524332,Nannie.Guthrie@college.harvard.edu,9
Clarice,Ackerley,11203148,Clarice.Ackerley@college.harvard.edu,9
Mary,Bultman,15750814,Mary.Bultman@college.harvard.edu,9
Dolli,Cordi,11469644,Dolli.Cordi@college.harvard.edu,9
Lynde,Mathilde,19140405,Lynde.Mathilde@college.harvard.edu,9
Margette,Izaak,14666115,Margette.Izaak@college.harvard.edu,9
Elsie,Wind,14918724,Elsie.Wind@college.harvard.edu,9
Gabi,Nicoline,14732082,Gabi.Nicoline@college.harvard.edu,9
Sibella,Carleen,13830984,Sibella.Carleen@college.harvard.edu,9
Emelina,McAdams,10858543,Emelina.McAdams@college.harvard.edu,9
Gavrielle,Rustice,16139691,Gavrielle.Rustice@college.harvard.edu,9
Willetta,Rolf,14855118,Willetta.Rolf@college.harvard.edu,9
Ezmeralda,Emerson,11661316,Ezmeralda.Emerson@college.harvard.edu,9
Marita,Gino,16725395,Marita.Gino@college.harvard.edu,9
Lusa,Billye,17658135,Lusa.Billye@college.harvard.edu,9
Annora,Mauer,14008654,Annora.Mauer@college.harvard.edu,9
Almeta,Tayib,15324142,Almeta.Tayib@college.harvard.edu,9
Ursulina,Sandye,13713468,Ursulina.Sandye@college.harvard.edu,9
Stevana,Lauraine,17552406,Stevana.Lauraine@college.harvard.edu,9
Estell,Magdalen,11074940,Estell.Magdalen@college.harvard.edu,9
Marsiella,Luhe,19570569,Marsiella.Luhe@college.harvard.edu,9
Lonnie,Jorgan,13010571,Lonnie.Jorgan@college.harvard.edu,9
Latisha,Kermit,15723035,Latisha.Kermit@college.harvard.edu,9
Minne,Smitt,10510155,Minne.Smitt@college.harvard.edu,9
Nonnah,Faso,16693026,Nonnah.Faso@college.harvard.edu,9
Max,Means,14199348,Max.Means@college.harvard.edu,9
Max,Medrek,17823830,Max.Medrek@college.harvard.edu,9
Lilith,Zaslow,14792609,Lilith.Zaslow@college.harvard.edu,9
Joleen,Dahlia,19618259,Joleen.Dahlia@college.harvard.edu,9
Emelina,Yam,11046599,Emelina.Yam@college.harvard.edu,9
Demetris,Barrus,14167795,Demetris.Barrus@college.harvard.edu,9
Tracey,Cohdwell,11374641,Tracey.Cohdwell@college.harvard.edu,9
Marylou,Loeb,19469043,Marylou.Loeb@college.harvard.edu,9
Shauna,Goldina,18670050,Shauna.Goldina@college.harvard.edu,9
Wileen,O'Rourke,11201153,Wileen.O'Rourke@college.harvard.edu,9
Vanessa,Persse,14567035,Vanessa.Persse@college.harvard.edu,9
Laure,Gillan,14893790,Laure.Gillan@college.harvard.edu,9
Mureil,Ochs,11898412,Mureil.Ochs@college.harvard.edu,9
Dennie,Earlie,11474722,Dennie.Earlie@college.harvard.edu,9
Jeanna,Sothena,12179921,Jeanna.Sothena@college.harvard.edu,9
Gretal,Berne,12116363,Gretal.Berne@college.harvard.edu,9
Roslyn,Donoghue,18187787,Roslyn.Donoghue@college.harvard.edu,9
Laurene,Christine,13292895,Laurene.Christine@college.harvard.edu,9
Gianina,Wu,12880517,Gianina.Wu@college.harvard.edu,9
Hyacinthe,Kathie,19515566,Hyacinthe.Kathie@college.harvard.edu,9
Alisha,Gordon,10221779,Alisha.Gordon@college.harvard.edu,9
Rosabelle,Ortrude,10842716,Rosabelle.Ortrude@college.harvard.edu,9
Charissa,Kiersten,15314929,Charissa.Kiersten@college.harvard.edu,9
Alleen,Norvol,11985200,Alleen.Norvol@college.harvard.edu,9
Ekaterina,Hubert,10486356,Ekaterina.Hubert@college.harvard.edu,9
Kaja,Wandie,16040250,Kaja.Wandie@college.harvard.edu,9
Leanna,Autrey,17451210,Leanna.Autrey@college.harvard.edu,9
Shandie,Ovid,17742716,Shandie.Ovid@college.harvard.edu,9
Cacilie,Goerke,16907174,Cacilie.Goerke@college.harvard.edu,9
Lita,Daegal,10441522,Lita.Daegal@college.harvard.edu,9
Zondra,Chauncey,18287341,Zondra.Chauncey@college.harvard.edu,9
Brana,Corilla,19971378,Brana.Corilla@college.harvard.edu,9
Sharlene,Alrich,15747058,Sharlene.Alrich@college.harvard.edu,9
Jasmina,Monk,10551394,Jasmina.Monk@college.harvard.edu,9
Lucy,Pierette,11339895,Lucy.Pierette@college.harvard.edu,9
Dianemarie,Kazimir,18044706,Dianemarie.Kazimir@college.harvard.edu,9
Suzette,Cleavland,15899060,Suzette.Cleavland@college.harvard.edu,9
Meriel,Howlyn,11602393,Meriel.Howlyn@college.harvard.edu,9
Rosaline,Kirstin,15998034,Rosaline.Kirstin@college.harvard.edu,9
Lynnea,Margarete,12792989,Lynnea.Margarete@college.harvard.edu,9
Tomasina,Neils,15491093,Tomasina.Neils@college.harvard.edu,9
Maye,Urania,19791159,Maye.Urania@college.harvard.edu,9
Darci,Dorine,15480212,Darci.Dorine@college.harvard.edu,9
Laure,Romelda,17000645,Laure.Romelda@college.harvard.edu,9
Annabela,Tound,12690522,Annabela.Tound@college.harvard.edu,9
Roxane,Weinreb,13658477,Roxane.Weinreb@college.harvard.edu,9
Brietta,Norrie,18432003,Brietta.Norrie@college.harvard.edu,9
Helena,Pauly,10952914,Helena.Pauly@college.harvard.edu,9
Carmela,Karna,17425501,Carmela.Karna@college.harvard.edu,9
Ursulina,Deny,13606343,Ursulina.Deny@college.harvard.edu,9
Leanna,Terencio,10279646,Leanna.Terencio@college.harvard.edu,9
Iseabal,Land,15815392,Iseabal.Land@college.harvard.edu,9
Brietta,Allina,19861051,Brietta.Allina@college.harvard.edu,9
Natka,Ellord,13481438,Natka.Ellord@college.harvard.edu,9
Maurene,Reneta,15341215,Maurene.Reneta@college.harvard.edu,9
Nariko,Marsden,11707944,Nariko.Marsden@college.harvard.edu,9
Chandra,Garlinda,16932813,Chandra.Garlinda@college.harvard.edu,9
Ingrid,Eachern,12490247,Ingrid.Eachern@college.harvard.edu,9
Tilly,Raffo,14504872,Tilly.Raffo@college.harvard.edu,9
Danika,Nunci,19294671,Danika.Nunci@college.harvard.edu,9
Genovera,Alexandr,13576426,Genovera.Alexandr@college.harvard.edu,9
Renae,Wittie,14464888,Renae.Wittie@college.harvard.edu,9
Angelique,Briney,14065940,Angelique.Briney@college.harvard.edu,9
Marsiella,Edmund,17939908,Marsiella.Edmund@college.harvard.edu,9
Gilda,Brieta,11581271,Gilda.Brieta@college.harvard.edu,9
