Hope,Quent,16435294,Hope.Quent@college.harvard.edu,10
Fayre,Vorster,11185066,Fayre.Vorster@college.harvard.edu,10
Madeleine,Stilwell,13502774,Madeleine.Stilwell@college.harvard.edu,10
Cristabel,Audly,19191289,Cristabel.Audly@college.harvard.edu,10
Misha,Tybald,15474105,Misha.Tybald@college.harvard.edu,10
Jaclyn,Flita,18705071,Jaclyn.Flita@college.harvard.edu,10
Barbi,Fabiola,17888309,Barbi.Fabiola@college.harvard.edu,10
Nicoli,Morrill,18458190,Nicoli.Morrill@college.harvard.edu,10
Kathi,Emmy,13607623,Kathi.Emmy@college.harvard.edu,10
Roseline,Belanger,13040203,Roseline.Belanger@college.harvard.edu,10
Glenda,Carmena,16836397,Glenda.Carmena@college.harvard.edu,10
Brena,Huggins,11493336,Brena.Huggins@college.harvard.edu,10
Janenna,Colp,15106295,Janenna.Colp@college.harvard.edu,10
Winny,Tryck,14652923,Winny.Tryck@college.harvard.edu,10
Marguerite,Uird,10617958,Marguerite.Uird@college.harvard.edu,10
Jobi,Gusella,15831002,Jobi.Gusella@college.harvard.edu,10
Tabbatha,Nore,18599543,Tabbatha.Nore@college.harvard.edu,10
Charlena,Saint,18206509,Charlena.Saint@college.harvard.edu,10
Ottilie,Pond,19601509,Ottilie.Pond@college.harvard.edu,10
Carol-Jean,Eno,15376129,Carol-Jean.Eno@college.harvard.edu,10
Dale,Podvin,15623256,Dale.Podvin@college.harvard.edu,10
Ivett,Rona,19991106,Ivett.Rona@college.harvard.edu,10
Edyth,Concha,19745556,Edyth.Concha@college.harvard.edu,10
Fayre,Dawkins,12600497,Fayre.Dawkins@college.harvard.edu,10
Loree,Damarra,17314349,Loree.Damarra@college.harvard.edu,10
Camile,Noelyn,15734485,Camile.Noelyn@college.harvard.edu,10
Julieta,Dash,12116605,Julieta.Dash@college.harvard.edu,10
Monika,Allare,16411504,Monika.Allare@college.harvard.edu,10
Elbertina,Chesna,13813191,Elbertina.Chesna@college.harvard.edu,10
Caressa,Granoff,10940599,Caressa.Granoff@college.harvard.edu,10
Gwyneth,Juliet,13474778,Gwyneth.Juliet@college.harvard.edu,10
Krystle,Vins,16731455,Krystle.Vins@college.harvard.edu,10
Chere,Neva,10493179,Chere.Neva@college.harvard.edu,10
Lacie,Phyllis,18497809,Lacie.Phyllis@college.harvard.edu,10
Linet,Brian,13502166,Linet.Brian@college.harvard.edu,10
Jany,Yuille,14300562,Jany.Yuille@college.harvard.edu,10
Shandie,Kaete,12267475,Shandie.Kaete@college.harvard.edu,10
Shaylyn,Dermott,15790783,Shaylyn.Dermott@college.harvard.edu,10
Brana,Tacye,19181978,Brana.Tacye@college.harvard.edu,10
Tarra,Hessler,14325727,Tarra.Hessler@college.harvard.edu,10
Emylee,Felecia,19931607,Emylee.Felecia@college.harvard.edu,10
Allyce,Melony,14607204,Allyce.Melony@college.harvard.edu,10
Valli,Lattie,16073877,Valli.Lattie@college.harvard.edu,10
Nelle,Behre,16448122,Nelle.Behre@college.harvard.edu,10
Sadie,Morgun,14448844,Sadie.Morgun@college.harvard.edu,10
Ginnie,Shelba,17277163,Ginnie.Shelba@college.harvard.edu,10
Marita,Linehan,19612251,Marita.Linehan@college.harvard.edu,10
Andree,Roche,19632846,Andree.Roche@college.harvard.edu,10
Dari,Paton,15473564,Dari.Paton@college.harvard.edu,10
Vere,Gibbeon,19183260,Vere.Gibbeon@college.harvard.edu,10
Frank,Riordan,18399516,Frank.Riordan@college.harvard.edu,10
Arlina,Chabot,14578894,Arlina.Chabot@college.harvard.edu,10
Jenilee,Huggins,11353279,Jenilee.Huggins@college.harvard.edu,10
Etta,Bord,14688086,Etta.Bord@college.harvard.edu,10
Benita,Chesna,12792205,Benita.Chesna@college.harvard.edu,10
Leanna,Kristi,13223277,Leanna.Kristi@college.harvard.edu,10
Babita,Sammons,18809302,Babita.Sammons@college.harvard.edu,10
Edee,Rogerio,13735216,Edee.Rogerio@college.harvard.edu,10
Jaclyn,Brodench,14834037,Jaclyn.Brodench@college.harvard.edu,10
Shirlee,Ader,16064336,Shirlee.Ader@college.harvard.edu,10
Elbertina,Whiffen,16091423,Elbertina.Whiffen@college.harvard.edu,10
Sheelagh,Rad,10297506,Sheelagh.Rad@college.harvard.edu,10
Elise,Swigart,12982913,Elise.Swigart@college.harvard.edu,10
Xylina,Giff,16138116,Xylina.Giff@college.harvard.edu,10
Pierette,Sperling,18151935,Pierette.Sperling@college.harvard.edu,10
Corina,Podvin,13673860,Corina.Podvin@college.harvard.edu,10
Kayla,Kravits,11655959,Kayla.Kravits@college.harvard.edu,10
Tiffie,Lacombe,11269300,Tiffie.Lacombe@college.harvard.edu,10
Vevay,Gaulin,11916162,Vevay.Gaulin@college.harvard.edu,10
Claresta,Ashok,19904763,Claresta.Ashok@college.harvard.edu,10
Antonietta,Naor,10356185,Antonietta.Naor@college.harvard.edu,10
Camile,Blake,13873764,Camile.Blake@college.harvard.edu,10
Joelly,Bury,17026673,Joelly.Bury@college.harvard.edu,10
Jeanna,Ovid,14674361,Jeanna.Ovid@college.harvard.edu,10
Lita,Tarrant,11960175,Lita.Tarrant@college.harvard.edu,10
Selia,Zaslow,12407592,Selia.Zaslow@college.harvard.edu,10
Danika,Stoller,13471182,Danika.Stoller@college.harvard.edu,10
Sophia,Daniele,15288453,Sophia.Daniele@college.harvard.edu,10
Oona,Poppy,10759389,Oona.Poppy@college.harvard.edu,10
Bill,Whittaker,17190889,Bill.Whittaker@college.harvard.edu,10
Cherrita,Zuzana,11343879,Cherrita.Zuzana@college.harvard.edu,10
Lulita,Oster,16701249,Lulita.Oster@college.harvard.edu,10
Carilyn,Evangelia,15437118,Carilyn.Evangelia@college.harvard.edu,10
Charlena,Merat,12169291,Charlena.Merat@college.harvard.edu,10
Almeta,Cullin,16172880,Almeta.Cullin@college.harvard.edu,10
Vere,Rona,17915729,Vere.Rona@college.harvard.edu,10
Kenna,Devlen,18048791,Kenna.Devlen@college.harvard.edu,10
Ricky,Florina,14441717,Ricky.Florina@college.harvard.edu,10
Grier,Denis,15402532,Grier.Denis@college.harvard.edu,10
Vinita,Jess,18802249,Vinita.Jess@college.harvard.edu,10
Belva,Even,16032558,Belva.Even@college.harvard.edu,10
Albertina,Greenwald,12251500,Albertina.Greenwald@college.harvard.edu,10
Linet,Scammon,13208799,Linet.Scammon@college.harvard.edu,10
Patricia,Garek,16825995,Patricia.Garek@college.harvard.edu,10
Roxane,Grimbly,19307861,Roxane.Grimbly@college.harvard.edu,10
Violet,Fabiola,14152715,Violet.Fabiola@college.harvard.edu,10
Kirbee,Lenny,17133221,Kirbee.Lenny@college.harvard.edu,10
Michaelina,Carbo,13380775,Michaelina.Carbo@college.harvard.edu,10
Gertrud,Manolo,16416056,Gertrud.Manolo@college.harvard.edu,10
Lanae,Naashom,13950144,Lanae.Naashom@college.harvard.edu,10
Larine,Ardra,12884046,Larine.Ardra@college.harvard.edu,10
Rubie,Marijo,15074851,Rubie.Marijo@college.harvard.edu,10
Clo,Lindemann,10764208,Clo.Lindemann@college.harvard.edu,10
Margette,Elisha,18854868,Margette.Elisha@college.harvard.edu,10
Henriette,Carlson,17471568,Henriette.Carlson@college.harvard.edu,10
Carly,Gregrory,11196802,Carly.Gregrory@college.harvard.edu,10
Sara-Ann,Kress,11872771,Sara-Ann.Kress@college.harvard.edu,10
Teriann,Lucienne,19638455,Teriann.Lucienne@college.harvard.edu,10
Elmira,Even,18578754,Elmira.Even@college.harvard.edu,10
Dede,Bevin,12076755,Dede.Bevin@college.harvard.edu,10
Esmeralda,Geffner,10847135,Esmeralda.Geffner@college.harvard.edu,10
Briney,Raimondo,11783613,Briney.Raimondo@college.harvard.edu,10
Letizia,Clarissa,12941771,Letizia.Clarissa@college.harvard.edu,10
Vinita,Wyn,15029274,Vinita.Wyn@college.harvard.edu,10
Marnia,Phi,13810155,Marnia.Phi@college.harvard.edu,10
Riannon,Joseph,12507673,Riannon.Joseph@college.harvard.edu,10
Jennica,Richers,15184506,Jennica.Richers@college.harvard.edu,10
Courtnay,Erminia,13321519,Courtnay.Erminia@college.harvard.edu,10
Esmeralda,Ammann,10726172,Esmeralda.Ammann@college.harvard.edu,10
Demetris,Grosz,16722374,Demetris.Grosz@college.harvard.edu,10
Bernardine,Boycey,16023468,Bernardine.Boycey@college.harvard.edu,10
Annabela,Kirbee,16716633,Annabela.Kirbee@college.harvard.edu,10
Rosabelle,Hebner,18539959,Rosabelle.Hebner@college.harvard.edu,10
Nyssa,Ovid,16125984,Nyssa.Ovid@college.harvard.edu,10
Audrie,Jess,19660083,Audrie.Jess@college.harvard.edu,10
Camile,Brodench,13484826,Camile.Brodench@college.harvard.edu,10
Aigneis,Michella,19558498,Aigneis.Michella@college.harvard.edu,10
Genevra,Rillings,10949407,Genevra.Rillings@college.harvard.edu,10
Ellette,Skurnik,17920533,Ellette.Skurnik@college.harvard.edu,10
Claresta,Adlare,19932243,Claresta.Adlare@college.harvard.edu,10
Cherilyn,Egbert,11969863,Cherilyn.Egbert@college.harvard.edu,10
Dorene,Solitta,16469142,Dorene.Solitta@college.harvard.edu,10
Alia,Audly,11579133,Alia.Audly@college.harvard.edu,10
Ketti,Cohdwell,19190297,Ketti.Cohdwell@college.harvard.edu,10
Malina,Bonilla,10078311,Malina.Bonilla@college.harvard.edu,10
Clarice,Philoo,14558528,Clarice.Philoo@college.harvard.edu,10
Maisey,Torray,15268100,Maisey.Torray@college.harvard.edu,10
Larine,Wolfgram,13603911,Larine.Wolfgram@college.harvard.edu,10
Luci,Hartnett,14353282,Luci.Hartnett@college.harvard.edu,10
Etta,Darbie,10556917,Etta.Darbie@college.harvard.edu,10
Mallory,Ajay,11476841,Mallory.Ajay@college.harvard.edu,10
Jorry,Stilwell,19574470,Jorry.Stilwell@college.harvard.edu,10
Ileana,Erlandson,17180867,Ileana.Erlandson@college.harvard.edu,10
Carly,Danby,19758688,Carly.Danby@college.harvard.edu,10
Lynde,Olympium,11052779,Lynde.Olympium@college.harvard.edu,10
Melanie,Chinua,14492121,Melanie.Chinua@college.harvard.edu,10
Myriam,Cordi,15070777,Myriam.Cordi@college.harvard.edu,10
Ariela,Robertson,14099607,Ariela.Robertson@college.harvard.edu,10
Nikki,Bobbee,16133910,Nikki.Bobbee@college.harvard.edu,10
Gaylene,Chandler,12192844,Gaylene.Chandler@college.harvard.edu,10
